{"cameraMode":{"drawMode":0,"name":"Shaded","section":"Shading Mode"},"sceneLighting":true,"audioPlay":false,"sceneViewState":{"m_AlwaysRefresh":false,"showFog":true,"showSkybox":true,"showFlares":true,"showImageEffects":true,"showParticleSystems":true,"showVisualEffectGraphs":true,"m_FxEnabled":true},"in2DMode":false,"pivot":{"x":-0.4176371991634369,"y":1.320319414138794,"z":0.9057744741439819},"rotation":{"x":0.07187767326831818,"y":-0.6454445719718933,"z":0.06114497408270836,"w":0.758040189743042},"size":0.02814887836575508,"orthographic":false}