{"cameraMode":{"drawMode":0,"name":"Shaded","section":"Shading Mode"},"sceneLighting":true,"audioPlay":false,"sceneViewState":{"m_AlwaysRefresh":false,"showFog":true,"showSkybox":true,"showFlares":true,"showImageEffects":true,"showParticleSystems":true,"showVisualEffectGraphs":true,"m_FxEnabled":true},"in2DMode":false,"pivot":{"x":-0.475635826587677,"y":1.8303205966949463,"z":0.84577476978302},"rotation":{"x":0.029118835926055909,"y":-0.38032102584838869,"z":0.012005876749753952,"w":0.9243696928024292},"size":0.028145868331193925,"orthographic":false}