{"cameraMode":{"drawMode":0,"name":"Shaded","section":"Shading Mode"},"sceneLighting":true,"audioPlay":false,"sceneViewState":{"m_AlwaysRefresh":false,"showFog":true,"showSkybox":true,"showFlares":true,"showImageEffects":true,"showParticleSystems":true,"showVisualEffectGraphs":true,"m_FxEnabled":true},"in2DMode":false,"pivot":{"x":-0.37930646538734438,"y":1.3493046760559083,"z":0.7800830006599426},"rotation":{"x":0.02985578589141369,"y":-0.9114589691162109,"z":0.06745004653930664,"w":0.4054754078388214},"size":0.28037750720977785,"orthographic":false}